{
  "num_masks": 189,
  "num_images": 189,
  "pixel_counts": {
    "0": 557641377,
    "1": 383759765,
    "2": 2579462,
    "3": 21446563,
    "4": 12648990
  },
  "pixel_ratio": {
    "0": 0.570141,
    "1": 0.392362,
    "2": 0.002637,
    "3": 0.021927,
    "4": 0.012933
  },
  "presence": {
    "body": 189,
    "windshield": 176,
    "bogie": 189,
    "door": 176
  },
  "exclusive_single_channel": true
}