{"x": 592.2894736842105, "y": 661.0526315789473, "visible": true, "source": "labelme_point"}