{"x": 550.8668134287286, "y": 710.3357182168409, "visible": true, "source": "labelme_point"}