{"x": 547.1513007759013, "y": 697.9187585577362, "visible": true, "source": "labelme_point"}