{"x": 548.7328244274809, "y": 720.6106870229007, "visible": true, "source": "labelme_point"}