{"x": 560.2013311148087, "y": 779.1846921797005, "visible": true, "source": "labelme_point"}