{"x": 659.236641221374, "y": 780.1526717557251, "visible": true, "source": "labelme_point"}