{"x": 536.7527801539778, "y": 658.9050470487596, "visible": true, "source": "labelme_point"}