{"x": 551.8969465648855, "y": 783.9694656488549, "visible": true, "source": "labelme_point"}