{"x": 588.290076335878, "y": 744.2748091603053, "visible": true, "source": "labelme_point"}