{"x": 546.8194748358862, "y": 705.7549234135668, "visible": true, "source": "labelme_point"}