{"x": 544.3571428571429, "y": 711.4285714285714, "visible": true, "source": "labelme_point"}