{"x": 535.3692676249145, "y": 685.6837782340862, "visible": true, "source": "labelme_point"}