{"x": 559.7250996015936, "y": 753.1474103585656, "visible": true, "source": "labelme_point"}