{"x": 535.9252669039146, "y": 733.5943060498221, "visible": true, "source": "labelme_point"}