{"x": 564.3917963224894, "y": 718.2178217821781, "visible": true, "source": "labelme_point"}