{"x": 545.2607489597781, "y": 735.5617198335644, "visible": true, "source": "labelme_point"}