{"x": 549.4740552735477, "y": 771.5284827975183, "visible": true, "source": "labelme_point"}