{"x": 547.7560975609756, "y": 753.6585365853659, "visible": true, "source": "labelme_point"}