{"x": 559.8972602739727, "y": 673.851598173516, "visible": true, "source": "labelme_point"}