{"x": 552.7689486552566, "y": 708.7041564792175, "visible": true, "source": "labelme_point"}