{"x": 536.1481481481483, "y": 686.2962962962962, "visible": true, "source": "labelme_point"}