{"x": 548.9983888292159, "y": 741.9334049409238, "visible": true, "source": "labelme_point"}