{"x": 538.7725118483412, "y": 732.4170616113744, "visible": true, "source": "labelme_point"}