{"x": 538.267787839586, "y": 720.1423027166883, "visible": true, "source": "labelme_point"}