{"x": 538.9979702300407, "y": 716.5899864682003, "visible": true, "source": "labelme_point"}