{"x": 539.9736842105262, "y": 740.438596491228, "visible": true, "source": "labelme_point"}