{"x": 543.3809523809524, "y": 706.6666666666666, "visible": true, "source": "labelme_point"}