{"x": 541.6425061425061, "y": 708.918918918919, "visible": true, "source": "labelme_point"}