{"x": 592.3451043338684, "y": 718.5714285714286, "visible": true, "source": "labelme_point"}