{"x": 503.22566752799304, "y": 748.0103359173127, "visible": true, "source": "labelme_point"}