{"x": 534.8163265306122, "y": 738.5871271585557, "visible": true, "source": "labelme_point"}