{"x": 547.7137404580153, "y": 772.5190839694657, "visible": true, "source": "labelme_point"}