{"x": 551.093567251462, "y": 673.3333333333333, "visible": true, "source": "labelme_point"}