{"x": 547.7180094786729, "y": 725.3080568720379, "visible": true, "source": "labelme_point"}