{"x": 534.8474576271186, "y": 733.3744221879815, "visible": true, "source": "labelme_point"}