{
  "x": 538.0573170731707,
  "y": 700.0073170731707,
  "visible": true,
  "source": "disk_centroid",
  "n_pixels": 820
}