{"x": 548.7979639780735, "y": 698.5747846515269, "visible": true, "source": "labelme_point"}