{"x": 535.930728241563, "y": 742.9307282415631, "visible": true, "source": "labelme_point"}