{"x": 540.6049250535332, "y": 687.4689507494646, "visible": true, "source": "labelme_point"}