{"x": 550.9236641221374, "y": 728.2442748091603, "visible": true, "source": "labelme_point"}