{"x": 539.0467997247075, "y": 733.0488644184446, "visible": true, "source": "labelme_point"}