{"x": 545.388583218707, "y": 732.2283356258597, "visible": true, "source": "labelme_point"}