{"x": 564.4306930693069, "y": 721.7538896746817, "visible": true, "source": "labelme_point"}