{"x": 552.8560910307898, "y": 665.1512717536814, "visible": true, "source": "labelme_point"}