{"x": 545.6456310679612, "y": 778.5575589459085, "visible": true, "source": "labelme_point"}