{"x": 552.1803051317613, "y": 739.7226074895977, "visible": true, "source": "labelme_point"}