{"x": 550.7880676758682, "y": 743.0276046304541, "visible": true, "source": "labelme_point"}