{"x": 542.5419847328244, "y": 770.2290076335878, "visible": true, "source": "labelme_point"}