{"x": 557.7242693773825, "y": 688.853875476493, "visible": true, "source": "labelme_point"}