{"x": 541.8530738860687, "y": 748.4038353073886, "visible": true, "source": "labelme_point"}