{"x": 543.2703349282297, "y": 723.6124401913876, "visible": true, "source": "labelme_point"}