{"x": 540.4167862266859, "y": 764.5337159253945, "visible": true, "source": "labelme_point"}