{"x": 542.9444444444445, "y": 692.0286738351255, "visible": true, "source": "labelme_point"}