{"x": 554.3181818181818, "y": 651.2727272727273, "visible": true, "source": "labelme_point"}