{"x": 493.68149466192176, "y": 705.8362989323845, "visible": true, "source": "labelme_point"}