{"x": 541.6679389312977, "y": 705.3435114503817, "visible": true, "source": "labelme_point"}