{"x": 539.3227848101267, "y": 734.9367088607595, "visible": true, "source": "labelme_point"}