{"x": 554.9140546006066, "y": 708.8129423660264, "visible": true, "source": "labelme_point"}