{"x": 551.1455696202532, "y": 666.1518987341772, "visible": true, "source": "labelme_point"}