{"x": 554.3854961832061, "y": 722.9007633587786, "visible": true, "source": "labelme_point"}