{"x": 540.5241879751209, "y": 755.272978576365, "visible": true, "source": "labelme_point"}