{"x": 546.2464985994397, "y": 708.0672268907563, "visible": true, "source": "labelme_point"}