{"x": 537.9123539232054, "y": 636.5498052309405, "visible": true, "source": "labelme_point"}