{"x": 544.4893262174784, "y": 782.8285523682454, "visible": true, "source": "labelme_point"}