{"x": 546.0534351145038, "y": 739.6946564885496, "visible": true, "source": "labelme_point"}