{"x": 553.9628820960698, "y": 725.316593886463, "visible": true, "source": "labelme_point"}