{"x": 541.2685185185186, "y": 688.7268518518518, "visible": true, "source": "labelme_point"}