{"x": 526.8370221327967, "y": 770.3822937625755, "visible": true, "source": "labelme_point"}