{"x": 538.7778730703259, "y": 691.8010291595198, "visible": true, "source": "labelme_point"}