{"x": 553.503422703936, "y": 693.7364517969196, "visible": true, "source": "labelme_point"}