{"x": 548.6201413427561, "y": 729.0459363957597, "visible": true, "source": "labelme_point"}