{"x": 539.7075471698113, "y": 748.4905660377358, "visible": true, "source": "labelme_point"}