{"x": 584.9924337957125, "y": 791.5762925598991, "visible": true, "source": "labelme_point"}