{"x": 546.6536643026004, "y": 741.5366430260048, "visible": true, "source": "labelme_point"}