{"x": 540.9523227383862, "y": 689.1442542787286, "visible": true, "source": "labelme_point"}