{"x": 547.5412844036697, "y": 721.1926605504588, "visible": true, "source": "labelme_point"}