{"x": 561.7949260042283, "y": 807.4418604651163, "visible": true, "source": "labelme_point"}