{"x": 550.7039937353171, "y": 709.1464369616288, "visible": true, "source": "labelme_point"}