{"x": 551.1127886323268, "y": 714.5115452930729, "visible": true, "source": "labelme_point"}