{"x": 538.5526315789474, "y": 667.1052631578947, "visible": true, "source": "labelme_point"}