{"x": 539.2102199223804, "y": 699.1203104786546, "visible": true, "source": "labelme_point"}