{"x": 570.099567099567, "y": 706.3059163059163, "visible": true, "source": "labelme_point"}