{"x": 537.0634920634919, "y": 719.8941798941798, "visible": true, "source": "labelme_point"}