{"x": 511.99026763990275, "y": 705.4501216545012, "visible": true, "source": "labelme_point"}