{"x": 495.7977099236641, "y": 774.8091603053434, "visible": true, "source": "labelme_point"}