{"x": 535.893371757925, "y": 756.1383285302594, "visible": true, "source": "labelme_point"}