{"x": 538.6669085631349, "y": 708.7227866473149, "visible": true, "source": "labelme_point"}