{"x": 540.3002569043032, "y": 718.5484906872191, "visible": true, "source": "labelme_point"}