{"x": 552.6278381046397, "y": 762.1125370187563, "visible": true, "source": "labelme_point"}