{"x": 539.5792349726776, "y": 681.0673952641165, "visible": true, "source": "labelme_point"}