{"x": 554.1330275229359, "y": 742.4082568807339, "visible": true, "source": "labelme_point"}