{"x": 546.1488549618321, "y": 739.6946564885496, "visible": true, "source": "labelme_point"}