{"x": 548.9273127753304, "y": 780.6387665198238, "visible": true, "source": "labelme_point"}