{"x": 549.1923076923077, "y": 720.7692307692307, "visible": true, "source": "labelme_point"}