{"x": 552.0409041980624, "y": 687.1646932185145, "visible": true, "source": "labelme_point"}