{"x": 538.8891213389121, "y": 758.0962343096235, "visible": true, "source": "labelme_point"}