{"x": 539.3257403189066, "y": 666.1389521640091, "visible": true, "source": "labelme_point"}