{"x": 542.9130434782608, "y": 733.4782608695652, "visible": true, "source": "labelme_point"}