{"x": 541.012987012987, "y": 776.2012987012987, "visible": true, "source": "labelme_point"}