{"x": 549.3325499412456, "y": 777.6615746180963, "visible": true, "source": "labelme_point"}