{"x": 544.0084745762713, "y": 685.4802259887006, "visible": true, "source": "labelme_point"}