{"x": 543.8714069591529, "y": 752.1785173978819, "visible": true, "source": "labelme_point"}