{"x": 540.2826086956521, "y": 711.7391304347826, "visible": true, "source": "labelme_point"}