{"x": 549.1379310344828, "y": 735.4022988505748, "visible": true, "source": "labelme_point"}