{"x": 544.6335012594459, "y": 689.2443324937028, "visible": true, "source": "labelme_point"}