{"x": 545.6297709923664, "y": 658.7786259541984, "visible": true, "source": "labelme_point"}