{"x": 533.5054294175716, "y": 742.862783810464, "visible": true, "source": "labelme_point"}