{"x": 545.5398230088496, "y": 680.2831858407079, "visible": true, "source": "labelme_point"}