{"x": 549.3441814595661, "y": 711.1045364891519, "visible": true, "source": "labelme_point"}