{"x": 578.2709077912796, "y": 720.4860614724804, "visible": true, "source": "labelme_point"}