{"x": 556.7251908396946, "y": 772.5190839694657, "visible": true, "source": "labelme_point"}