{"x": 546.7881040892194, "y": 709.454770755886, "visible": true, "source": "labelme_point"}