{
  "test_loss": 0.2493460715601319,
  "test_miou": 0.800159215927124,
  "test_iou": {
    "background": 0.9852975606918335,
    "body": 0.9669228792190552,
    "windshield": 0.5125531554222107,
    "bogie": 0.8729044795036316,
    "door": 0.8482564091682434
  },
  "n_test": 38
}