{
  "view": "side",
  "fold": 0,
  "split": "test",
  "n": 38,
  "checkpoint": "F:\\大三下学期\\培养方案\\保研\\康国梁老师\\语义分割\\语义分割\\训练数据\\03_segformer_split\\outputs\\train\\side_fold0\\checkpoints\\best.pt",
  "test_official_miou": 0.8005128018721416,
  "test_iou": {
    "body": 0.9622876785303417,
    "windshield": 0.5290704102565845,
    "bogie": 0.8500773577313674,
    "door": 0.8390022466580073
  },
  "stems": [
    "side_c160cbda",
    "side_c376fc3a",
    "side_c68fddff",
    "side_c6a2a9f2",
    "side_c7401f30",
    "side_c7488cdc",
    "side_caf4bb10",
    "side_ce7eae8d",
    "side_d1f80c59",
    "side_d2d08a68",
    "side_d41f3360",
    "side_d5887d1d",
    "side_d7cd1123",
    "side_d9d1590d",
    "side_d9e6fa37",
    "side_da649cfc",
    "side_daeb6e43",
    "side_de6ce488",
    "side_dec74203",
    "side_e25ab243",
    "side_e4e6f468",
    "side_e54d135b",
    "side_e6641cdc",
    "side_e71f95d0",
    "side_e88cdf49",
    "side_ec772f85",
    "side_eca2dd71",
    "side_eefcba6e",
    "side_f38fad77",
    "side_f5dce704",
    "side_f6448dc5",
    "side_f725a473",
    "side_f7a58763",
    "side_f846c3cf",
    "side_f89dcc52",
    "side_f9d43a75",
    "side_fdf7f50f",
    "side_ff9e9bf2"
  ]
}