{
  "view": "front",
  "fold": 0,
  "split": "test",
  "n": 38,
  "checkpoint": "F:\\大三下学期\\培养方案\\保研\\康国梁老师\\语义分割\\语义分割\\训练数据\\03_segformer_split\\outputs\\train\\front_fold0\\checkpoints\\best.pt",
  "test_official_miou": 0.7390136919113924,
  "test_iou": {
    "body": 0.9418708038957495,
    "windshield": 0.8615343672664542,
    "nose_tip": 0.4136359045719732
  },
  "stems": [
    "front_c160cbda",
    "front_c376fc3a",
    "front_c68fddff",
    "front_c6a2a9f2",
    "front_c7401f30",
    "front_c7488cdc",
    "front_caf4bb10",
    "front_ce7eae8d",
    "front_d1f80c59",
    "front_d2d08a68",
    "front_d41f3360",
    "front_d5887d1d",
    "front_d7cd1123",
    "front_d9d1590d",
    "front_d9e6fa37",
    "front_da649cfc",
    "front_daeb6e43",
    "front_de6ce488",
    "front_dec74203",
    "front_e25ab243",
    "front_e4e6f468",
    "front_e54d135b",
    "front_e6641cdc",
    "front_e71f95d0",
    "front_e88cdf49",
    "front_ec772f85",
    "front_eca2dd71",
    "front_eefcba6e",
    "front_f38fad77",
    "front_f5dce704",
    "front_f6448dc5",
    "front_f725a473",
    "front_f7a58763",
    "front_f846c3cf",
    "front_f89dcc52",
    "front_f9d43a75",
    "front_fdf7f50f",
    "front_ff9e9bf2"
  ],
  "test_tip": {
    "tip_mae_px": 17.26219522325616,
    "tip_mae_norm_h": 0.03371522504542219,
    "tip_n": 38,
    "tip_pck@5": 0.2631578947368421,
    "tip_pck@10": 0.47368421052631576,
    "tip_pck@20": 0.7631578947368421
  }
}