{
  "test_loss": 0.23706744611263275,
  "test_miou": 0.7417463064193726,
  "test_iou": {
    "background": 0.9926810264587402,
    "body": 0.9447839856147766,
    "windshield": 0.8706437349319458,
    "nose_tip": 0.40981101989746094
  },
  "n_test": 38
}