{
  "test_loss": 0.2342145437080609,
  "test_miou": 0.7567142844200134,
  "test_iou": {
    "background": 0.9934192895889282,
    "body": 0.9493381977081299,
    "windshield": 0.8785059452056885,
    "nose_tip": 0.44229868054389954
  },
  "n_test": 38
}