{"x": 538.4664926022627, "y": 700.1392515230636, "visible": true, "source": "labelme_point"}