{"x": 538.2510254306809, "y": 772.5676784249384, "visible": true, "source": "labelme_point"}