{"x": 570.9963707426019, "y": 794.0480178671133, "visible": true, "source": "labelme_point"}