{"x": 542.0812115891133, "y": 700.6672519754171, "visible": true, "source": "labelme_point"}