{"x": 540.2450473729543, "y": 740.6890611541775, "visible": true, "source": "labelme_point"}