{"x": 545.0819521178637, "y": 722.6273787599755, "visible": true, "source": "labelme_point"}