{"x": 549.0194922937444, "y": 718.6038077969174, "visible": true, "source": "labelme_point"}