{"x": 542.9552110249784, "y": 711.4039621016366, "visible": true, "source": "labelme_point"}