{"x": 538.3180026281209, "y": 728.239159001314, "visible": true, "source": "labelme_point"}