{"x": 536.736641221374, "y": 712.2137404580152, "visible": true, "source": "labelme_point"}