{"x": 655.199505358615, "y": 712.7122835943941, "visible": true, "source": "labelme_point"}