{"x": 550.0252283601566, "y": 708.7690300130491, "visible": true, "source": "labelme_point"}