{"x": 563.0007949125596, "y": 688.2511923688394, "visible": true, "source": "labelme_point"}