{"x": 547.1785434612373, "y": 739.6867658574783, "visible": true, "source": "labelme_point"}