{"x": 538.1564885496183, "y": 726.7175572519084, "visible": true, "source": "labelme_point"}