{"x": 522.7201976528722, "y": 709.5491043854231, "visible": true, "source": "labelme_point"}