{"x": 565.341580207502, "y": 803.367916999202, "visible": true, "source": "labelme_point"}