{"x": 524.849322210636, "y": 726.652763295099, "visible": true, "source": "labelme_point"}