{"x": 540.6564885496182, "y": 725.9541984732824, "visible": true, "source": "labelme_point"}