{"x": 540.183055311677, "y": 672.1334503950835, "visible": true, "source": "labelme_point"}