{"x": 561.892419175028, "y": 774.6711259754737, "visible": true, "source": "labelme_point"}