{"x": 540.0103359173127, "y": 689.7364341085272, "visible": true, "source": "labelme_point"}