{"x": 554.3461538461538, "y": 752.3076923076923, "visible": true, "source": "labelme_point"}