{"x": 558.4800399201597, "y": 730.61876247505, "visible": true, "source": "labelme_point"}