{"x": 538.5402761795167, "y": 672.6237054085155, "visible": true, "source": "labelme_point"}