{"x": 545.3518518518518, "y": 750.0516569200779, "visible": true, "source": "labelme_point"}