{"x": 545.3435114503817, "y": 803.8167938931298, "visible": true, "source": "labelme_point"}