{"x": 545.2446808510639, "y": 694.7872340425532, "visible": true, "source": "labelme_point"}