{"x": 543.5844155844155, "y": 731.1976911976911, "visible": true, "source": "labelme_point"}