{"x": 533.6422018348625, "y": 764.7706422018348, "visible": true, "source": "labelme_point"}