,width_actual,width_actual,width_actual,width_actual,height_actual,height_actual,height_actual,height_actual,aspect_ratio,aspect_ratio,aspect_ratio,aspect_ratio,r_mean,r_mean,r_mean,r_mean,g_mean,g_mean,g_mean,g_mean,b_mean,b_mean,b_mean,b_mean,gray_mean,gray_mean,gray_mean,gray_mean,contrast,contrast,contrast,contrast,saturation,saturation,saturation,saturation,dark_ratio,dark_ratio,dark_ratio,dark_ratio,bright_ratio,bright_ratio,bright_ratio,bright_ratio,laplacian_variance,laplacian_variance,laplacian_variance,laplacian_variance,file_size_kb,file_size_kb,file_size_kb,file_size_kb
,count,mean,std,median,count,mean,std,median,count,mean,std,median,count,mean,std,median,count,mean,std,median,count,mean,std,median,count,mean,std,median,count,mean,std,median,count,mean,std,median,count,mean,std,median,count,mean,std,median,count,mean,std,median,count,mean,std,median
view,,,,,,,,,,,,,,,,,,,,,,,,,,,,,,,,,,,,,,,,,,,,,,,,,,,,
front,189,1153.857142857143,153.8988536112505,1118.0,189,1080.978835978836,2.6214290238740827,1080.0,189,1.0672762761622199,0.14117306146605735,1.0351851851851852,189,219.19883719137098,15.398297808492105,223.52447151128928,189,219.40379602284176,14.908880129091235,222.45336581045171,189,220.04764795566658,14.740029603073907,222.50444838855083,189,219.4193274132527,14.894940937417797,222.35883166428232,189,63.01997367994262,12.028475086182654,62.835820639642776,189,11.600553202999158,9.664158211126955,8.76179768766978,189,0.0028546408895353138,0.006870280487223747,0.0002725159425753149,189,0.7171630497719267,0.1729318451861315,0.75841384863124,189,45.72597138311954,30.361299805006812,34.93756086443702,189,84.47685185185185,48.54971401147667,80.0654296875
side,189,4787.3650793650795,255.89278225089768,4887.0,189,1080.978835978836,2.6214290238740827,1080.0,189,4.428786442008346,0.2376820419163788,4.522222222222222,189,196.22998232927083,18.923263378020913,199.35518628522007,189,196.20819181891912,18.7059291615387,199.3400000379167,189,196.77664728888658,18.718372008821657,200.0887817353644,189,196.2835009372453,18.43171694725958,199.2597240867529,189,76.01437927845414,10.018833236334393,76.29786881084998,189,21.243877525554893,13.511457488530391,16.174413284862872,189,0.007147126151561265,0.01683741532586951,0.0005345244742229666,189,0.5538798144214793,0.13170455475851192,0.574332248308978,189,56.643520012448114,33.426600070420534,48.534876543209876,189,462.3140811011905,121.57781542157028,448.5439453125
