{"x": 571.9480519480519, "y": 751.8506493506494, "visible": true, "source": "labelme_point"}