{"x": 536.7699594046009, "y": 752.4492557510148, "visible": true, "source": "labelme_point"}