{"x": 540.2721268163805, "y": 726.9220607661823, "visible": true, "source": "labelme_point"}