{"x": 550.0652173913044, "y": 671.7173913043478, "visible": true, "source": "labelme_point"}