{"x": 541.820610687023, "y": 730.5343511450382, "visible": true, "source": "labelme_point"}