{"x": 543.3333333333334, "y": 658.3333333333333, "visible": true, "source": "labelme_point"}