{"x": 545.4364896073903, "y": 653.122401847575, "visible": true, "source": "labelme_point"}