{"x": 572.8944636678201, "y": 757.9930795847752, "visible": true, "source": "labelme_point"}