{"x": 536.824427480916, "y": 764.1221374045801, "visible": true, "source": "labelme_point"}