{"x": 542.7851919561243, "y": 686.252285191956, "visible": true, "source": "labelme_point"}