{"x": 543.2874341610233, "y": 690.1128668171557, "visible": true, "source": "labelme_point"}