{"x": 538.3834808259587, "y": 650.6194690265487, "visible": true, "source": "labelme_point"}