{"x": 506.91415830546265, "y": 678.2385730211817, "visible": true, "source": "labelme_point"}