{"x": 545.3853046594982, "y": 678.4086021505376, "visible": true, "source": "labelme_point"}