{"x": 549.769053117783, "y": 692.9607390300231, "visible": true, "source": "labelme_point"}