{"x": 542.909952606635, "y": 779.3364928909953, "visible": true, "source": "labelme_point"}