{"x": 545.100700525394, "y": 699.369527145359, "visible": true, "source": "labelme_point"}