{"x": 535.5546448087432, "y": 794.7814207650273, "visible": true, "source": "labelme_point"}