{"x": 552.7511312217194, "y": 710.2488687782806, "visible": true, "source": "labelme_point"}