{"x": 558.6134453781513, "y": 744.2016806722689, "visible": true, "source": "labelme_point"}