{"x": 542.5458221024259, "y": 728.9487870619946, "visible": true, "source": "labelme_point"}