{"x": 542.3461538461538, "y": 711.5384615384615, "visible": true, "source": "labelme_point"}