{"x": 546.1032745591939, "y": 727.6574307304786, "visible": true, "source": "labelme_point"}