{"x": 526.913006029285, "y": 760.9302325581396, "visible": true, "source": "labelme_point"}