{"x": 555.2841328413283, "y": 732.3431734317343, "visible": true, "source": "labelme_point"}