{"x": 549.294930875576, "y": 712.8110599078341, "visible": true, "source": "labelme_point"}