{"x": 539.0461847389558, "y": 635.3815261044176, "visible": true, "source": "labelme_point"}