{"x": 523.1477024070022, "y": 682.2319474835887, "visible": true, "source": "labelme_point"}