{"x": 557.1717612809316, "y": 775.4439592430858, "visible": true, "source": "labelme_point"}