{"x": 539.2919896640827, "y": 679.1042204995694, "visible": true, "source": "labelme_point"}