{"x": 526.5021141649049, "y": 720.7610993657505, "visible": true, "source": "labelme_point"}