{"x": 542.0275526742302, "y": 658.7196110210697, "visible": true, "source": "labelme_point"}