{"x": 594.4452554744527, "y": 765.7559958289885, "visible": true, "source": "labelme_point"}