{"x": 563.065371024735, "y": 661.9081272084806, "visible": true, "source": "labelme_point"}