{"x": 552.3467583497052, "y": 692.0026195153897, "visible": true, "source": "labelme_point"}