{"x": 541.6605504587156, "y": 730.8256880733945, "visible": true, "source": "labelme_point"}