{"x": 539.9837587006961, "y": 666.8368136117556, "visible": true, "source": "labelme_point"}