{"x": 549.0713860797144, "y": 716.6805472932779, "visible": true, "source": "labelme_point"}