{"x": 608.1830574488802, "y": 633.5813047711782, "visible": true, "source": "labelme_point"}