{"x": 544.3961228968544, "y": 686.6481346013168, "visible": true, "source": "labelme_point"}