{"x": 559.3320463320463, "y": 743.6679536679536, "visible": true, "source": "labelme_point"}