{"x": 540.4580152671756, "y": 756.4885496183206, "visible": true, "source": "labelme_point"}