{
  "n_samples": 378,
  "n_front": 189,
  "n_side": 189,
  "n_vehicles": 189,
  "valid_task_counts": {
    "body": 378,
    "windshield": 365,
    "bogie": 189,
    "door": 176,
    "nose_tip": 189
  },
  "size_by_view": {
    "front": {
      "width_mean": 1153.857142857143,
      "height_mean": 1080.978835978836,
      "aspect_mean": 1.06727627616222
    },
    "side": {
      "width_mean": 4787.3650793650795,
      "height_mean": 1080.978835978836,
      "aspect_mean": 4.428786442008346
    }
  },
  "mask_area_ratio": {
    "body": {
      "mean": 0.3049263105892609,
      "median": 0.3039161444569156,
      "n": 378
    },
    "windshield": {
      "mean": 0.020610090089223387,
      "median": 0.0189161133634957,
      "n": 365
    },
    "bogie": {
      "mean": 0.02200431560986223,
      "median": 0.021009320818667708,
      "n": 189
    },
    "door": {
      "mean": 0.013817723784421358,
      "median": 0.011522195942411004,
      "n": 176
    }
  },
  "samples_per_vehicle": {
    "mean": 2.0,
    "min": 2,
    "max": 2
  },
  "rgb": {
    "mean": [
      0.8213227391242981,
      0.8217141628265381,
      0.8240020275115967
    ],
    "std": [
      0.2917359471321106,
      0.2897552251815796,
      0.28721413016319275
    ],
    "note": "sampled estimate; training still uses ImageNet mean/std"
  }
}