{
  "test_official_miou": 0.7800179719924927,
  "test_iou": {
    "background": 0.9894245266914368,
    "body": 0.9215440154075623,
    "windshield": 0.846129834651947,
    "nose_tip": 0.572380006313324
  },
  "test_tip": {
    "tip_mae_px": 6.286617279052734,
    "tip_mae_norm_h": 0.012278549373149872,
    "tip_n": 38,
    "tip_pck@5": 0.5789473652839661,
    "tip_pck@10": 0.7894737124443054,
    "tip_pck@20": 0.9473684430122375
  }
}